{
    "version": 5,
    "validation": {
        "float32": {
            "confusion_matrix": [
                [
                    349,
                    118,
                    69,
                    89,
                    174,
                    41
                ],
                [
                    104,
                    282,
                    59,
                    77,
                    182,
                    124
                ],
                [
                    40,
                    56,
                    608,
                    42,
                    105,
                    26
                ],
                [
                    85,
                    114,
                    51,
                    355,
                    215,
                    33
                ],
                [
                    100,
                    125,
                    57,
                    93,
                    392,
                    28
                ],
                [
                    17,
                    93,
                    28,
                    24,
                    33,
                    378
                ]
            ],
            "classification_report": {
                "0": {
                    "precision": 0.5021582733812949,
                    "recall": 0.4154761904761905,
                    "f1-score": 0.4547231270358307,
                    "support": 840
                },
                "1": {
                    "precision": 0.35786802030456855,
                    "recall": 0.34057971014492755,
                    "f1-score": 0.34900990099009904,
                    "support": 828
                },
                "2": {
                    "precision": 0.6972477064220184,
                    "recall": 0.69327251995439,
                    "f1-score": 0.6952544311034877,
                    "support": 877
                },
                "3": {
                    "precision": 0.5220588235294118,
                    "recall": 0.41617819460726846,
                    "f1-score": 0.46314416177429873,
                    "support": 853
                },
                "4": {
                    "precision": 0.35603996366939145,
                    "recall": 0.4930817610062893,
                    "f1-score": 0.41350210970464135,
                    "support": 795
                },
                "5": {
                    "precision": 0.6,
                    "recall": 0.6596858638743456,
                    "f1-score": 0.6284289276807979,
                    "support": 573
                },
                "accuracy": 0.4960134284515317,
                "macro avg": {
                    "precision": 0.5058954645511141,
                    "recall": 0.5030457066772352,
                    "f1-score": 0.5006771097148592,
                    "support": 4766
                },
                "weighted avg": {
                    "precision": 0.5039408007915097,
                    "recall": 0.4960134284515317,
                    "f1-score": 0.4961333788454516,
                    "support": 4766
                }
            },
            "roc_auc": 0.8168721025985864,
            "loss": 1.2962067439732776,
            "support": 4766,
            "weighted_average": {
                "precision": 0.5039408007915097,
                "recall": 0.4960134284515317,
                "f1-score": 0.4961333788454516
            },
            "class_names": [
                "angry",
                "fearful",
                "happy",
                "neutral",
                "sad",
                "surprised"
            ]
        },
        "int8": {
            "confusion_matrix": [
                [
                    362,
                    120,
                    66,
                    86,
                    165,
                    41
                ],
                [
                    113,
                    290,
                    53,
                    75,
                    175,
                    122
                ],
                [
                    45,
                    63,
                    598,
                    39,
                    106,
                    26
                ],
                [
                    90,
                    121,
                    54,
                    353,
                    204,
                    31
                ],
                [
                    106,
                    133,
                    54,
                    90,
                    385,
                    27
                ],
                [
                    22,
                    95,
                    27,
                    23,
                    31,
                    375
                ]
            ],
            "classification_report": {
                "0": {
                    "precision": 0.4905149051490515,
                    "recall": 0.430952380952381,
                    "f1-score": 0.458808618504436,
                    "support": 840
                },
                "1": {
                    "precision": 0.35279805352798055,
                    "recall": 0.3502415458937198,
                    "f1-score": 0.3515151515151515,
                    "support": 828
                },
                "2": {
                    "precision": 0.7018779342723005,
                    "recall": 0.6818700114025086,
                    "f1-score": 0.6917293233082706,
                    "support": 877
                },
                "3": {
                    "precision": 0.53003003003003,
                    "recall": 0.4138335287221571,
                    "f1-score": 0.4647794601711652,
                    "support": 853
                },
                "4": {
                    "precision": 0.3611632270168856,
                    "recall": 0.48427672955974843,
                    "f1-score": 0.41375604513702313,
                    "support": 795
                },
                "5": {
                    "precision": 0.6028938906752411,
                    "recall": 0.6544502617801047,
                    "f1-score": 0.6276150627615062,
                    "support": 573
                },
                "accuracy": 0.4958036088963491,
                "macro avg": {
                    "precision": 0.5065463401119149,
                    "recall": 0.5026040763851033,
                    "f1-score": 0.5013672768995922,
                    "support": 4766
                },
                "weighted avg": {
                    "precision": 0.5044890552778287,
                    "recall": 0.4958036088963491,
                    "f1-score": 0.4968772068635975,
                    "support": 4766
                }
            },
            "roc_auc": 0.8163079235165575,
            "loss": 1.3153622254882216,
            "support": 4766,
            "weighted_average": {
                "precision": 0.5044890552778287,
                "recall": 0.4958036088963491,
                "f1-score": 0.4968772068635975
            },
            "class_names": [
                "angry",
                "fearful",
                "happy",
                "neutral",
                "sad",
                "surprised"
            ]
        }
    },